Workbook

Sheet README
A1: Maana Booking Launch: Test Tracker
A2: Owner: Viola. CTO: Sol. Last updated when you save.
A4: How to use this tracker
B5: Each test case lives on the Test Plan sheet. Run a case, fill the Result column (Pass / Fail / Blocked / Skipped), drop notes if anything surprised you. Severities for issues live on the Bugs sheet.
B6: Phases mirror Sol's 4 step plan. Phase 1 is UI smoke on the preview site with no Acuity wiring. Phase 2 is full integration on preview with a fake Stripe card (4242). Phase 3 swaps to real cards on preview. Phase 4 is the production launch run.
A8: Tester split
B9: Two testers (T1 and T2). For canonical happy paths and production launch tests, both testers run the same case independently so we catch reproducibility issues. For variants like discount codes, cancellation, mobile, edge cases, we split to widen coverage. The Tester column on Test Plan tells you what to pick up.
A11: Scope of this test pass
B12: Workshops: Earthen Wall first as the canonical page. The other three (Tea Dye, Botanical Teas, Koji) share the same template, so we smoke test them lightly once Earthen Wall is clean.
B13: Excursion: Tea Ceremony smoke test via the hybrid Acuity portal path. This is to confirm the Join the Ceremony button still routes cleanly and the booking lands in Acuity.
B14: Booking dates: tomorrow (just past our 24 hour cutoff, tests the close in edge) and Saturday (when excursion availability is live).
B15: Discount code: UNICORNS100. Sol is shipping a confirmation screen that shows the code applied, the final price, and how much was saved.
B16: Fallback: if Stripe times out or the in app flow hits a weird state, we redirect the guest to the Acuity portal so they can complete the booking. Test this on purpose in Phase 2.
A18: Result legend
A19: Pass | B19: Worked end to end, matches expected behaviour.
A20: Fail | B20: Did not match expected behaviour. Log it on the Bugs sheet.
A21: Blocked | B21: Could not run, prerequisite missing. Note what is blocking.
A22: Skipped | B22: Intentionally not run this round. Note why.
A24: Go / no go
B25: Use the Sign Off sheet at the end. Launch is green when all Phase 4 cases pass and no Sev 1 or Sev 2 bugs are open.

Sheet Test Plan
A1: Test Plan
A2: Run cases top to bottom. Fill Result with Pass / Fail / Blocked / Skipped. If Fail, add a row on the Bugs sheet and put the Bug ID here.
A4: ID | B4: Phase | C4: Environment | D4: Path / Flow | E4: Test Case | F4: Steps / Setup | G4: Expected Result | H4: Tester | I4: Date Run | J4: Result | K4: Notes / Bug ID
A5: TC1.1 | B5: 1 | C5: Preview (no Acuity) | D5: Earthen Wall page | E5: Page loads, all sections render | F5: Open the Earthen Wall preview URL on desktop. Scroll the full page. | G5: Hero, craft, takehome, spend, sessions, voices, Kyoto chapter, FAQ, exp-grid all render. No console errors. Images load. | H5: T1
A6: TC1.2 | B6: 1 | C6: Preview (no Acuity) | D6: Earthen Wall page | E6: Mobile layout sanity | F6: Open the same page on a phone or 375px viewport. | G6: Layout reflows cleanly, hero text readable, nav collapses, no horizontal scroll. | H6: T2
A7: TC1.3 | B7: 1 | C7: Preview (no Acuity) | D7: Earthen Wall page | E7: Book Now CTA opens side panel | F7: Click the in-page Book Now CTA. Click the spend card Book Now. | G7: Side panel opens, calendar visible, form fields render. | H7: T1
A8: TC1.4 | B8: 1 | C8: Preview (no Acuity) | D8: Earthen Wall page | E8: Calendar UI behaves | F8: Try to pick a past date, a date inside the 24 hr cutoff, and a valid future date. | G8: Past and cutoff dates are disabled or blocked with clear message. Valid dates select cleanly. | H8: T2
A9: TC1.5 | B9: 1 | C9: Preview (no Acuity) | D9: Earthen Wall page | E9: Form validation | F9: Submit with empty required fields, invalid email, invalid card. | G9: Clear inline errors, submit button disabled or stops, no crash. | H9: T1
A10: TC1.6 | B10: 1 | C10: Preview (no Acuity) | D10: Tea Dye / Botanical / Koji | E10: Template parity check | F10: Open each of the three other workshop pages. Spot check hero, sessions, takehome, voices. | G10: Each shows its own content correctly. No leaked Earthen Wall copy. Per workshop reviews appear. | H10: T2
A11: TC1.7 | B11: 1 | C11: Preview (no Acuity) | D11: Hub / Experiences | E11: Hub page links work | F11: Click each of the four workshop cards and the two ceremony cards on the experiences hub. | G11: Workshops open the right detail page. Ceremonies open maana.jp experience pages in new tab or same tab as designed. | H11: T1
A12: TC2.1 | B12: 2 | C12: Preview (Acuity wired) | D12: Earthen Wall, in-app flow | E12: Canonical happy path with fake card | F12: Earthen Wall, pick tomorrow, valid time, 1 guest, fill form, pay with 4242 4242 4242 4242, any future exp, any CVC. | G12: Stripe accepts the card. Confirmation screen shows. Acuity calendar shows the booking with correct name, date, time, guest count. Confirmation email arrives. | H12: T1 + T2 (both)
A13: TC2.2 | B13: 2 | C13: Preview (Acuity wired) | D13: Earthen Wall, in-app flow | E13: UNICORNS100 discount code | F13: Same as above but enter UNICORNS100 before submit. | G13: Confirmation screen explains the code was applied, shows final price and amount saved. Acuity shows the discounted price. Stripe charge matches. | H13: T1
A14: TC2.3 | B14: 2 | C14: Preview (Acuity wired) | D14: Earthen Wall, in-app flow | E14: Invalid discount code | F14: Enter a junk code like NOTAREALCODE. | G14: Code is rejected gracefully. Guest can clear it and continue at full price. No charge until they confirm. | H14: T2
A15: TC2.4 | B15: 2 | C15: Preview (Acuity wired) | D15: Earthen Wall, in-app flow | E15: Inventory decrements | F15: Note the spots remaining before the test booking. Complete the booking. | G15: Spots remaining drops by the guest count. Acuity matches. Refresh both surfaces. | H15: T1
A16: TC2.5 | B16: 2 | C16: Preview (Acuity wired) | D16: Earthen Wall, in-app flow | E16: Multi guest booking | F16: Book 3 guests for the same slot. | G16: Stripe charges per guest count. Acuity shows 3 spots taken in one booking. Email lists 3. | H16: T2
... A33: TC4.7 | B33: 4 | C33: Production (live) | D33: Mobile final | E33: Mobile production check | F33: Repeat canonical happy path on phone. | G33: Booking completes from phone. UI usable. | H33: T1

Sheet Summary
A1: Run Summary
A3: Phase | B3: Total | C3: Pass | D3: Fail | E3: Blocked | F3: Skipped | G3: Not Run | H3: Status
A4: Phase 1: UI smoke | B4: =COUNTIF('Test Plan'!B5:B100,"1") -> 7 | C4: =COUNTIFS('Test Plan'!B5:B100,"1",'Test Plan'!J5:J100,"Pass") -> 0 | D4: =COUNTIFS('Test Plan'!B5:B100,"1",'Test Plan'!J5:J100,"Fail") -> 0 | E4: =COUNTIFS('Test Plan'!B5:B100,"1",'Test Plan'!J5:J100,"Blocked") -> 0 | F4: =COUNTIFS('Test Plan'!B5:B100,"1",'Test Plan'!J5:J100,"Skipped") -> 0 | G4: =B4-C4-D4-E4-F4 -> 7 | H4: =IF(D4>0,"Fails open",IF(G4+E4>0,"In progress",IF(B4=0,"No cases","All clear"))) -> In progress
A5: Phase 2: Preview integration | B5: =COUNTIF('Test Plan'!B5:B100,"2") -> 10 | C5: =COUNTIFS('Test Plan'!B5:B100,"2",'Test Plan'!J5:J100,"Pass") -> 0 | D5: =COUNTIFS('Test Plan'!B5:B100,"2",'Test Plan'!J5:J100,"Fail") -> 0 | E5: =COUNTIFS('Test Plan'!B5:B100,"2",'Test Plan'!J5:J100,"Blocked") -> 0 | F5: =COUNTIFS('Test Plan'!B5:B100,"2",'Test Plan'!J5:J100,"Skipped") -> 0 | G5: =B5-C5-D5-E5-F5 -> 10 | H5: =IF(D5>0,"Fails open",IF(G5+E5>0,"In progress",IF(B5=0,"No cases","All clear"))) -> In progress
A6: Phase 3: Real card on preview | B6: =COUNTIF('Test Plan'!B5:B100,"3") -> 5 | C6: =COUNTIFS('Test Plan'!B5:B100,"3",'Test Plan'!J5:J100,"Pass") -> 0 | D6: =COUNTIFS('Test Plan'!B5:B100,"3",'Test Plan'!J5:J100,"Fail") -> 0 | E6: =COUNTIFS('Test Plan'!B5:B100,"3",'Test Plan'!J5:J100,"Blocked") -> 0 | F6: =COUNTIFS('Test Plan'!B5:B100,"3",'Test Plan'!J5:J100,"Skipped") -> 0 | G6: =B6-C6-D6-E6-F6 -> 5 | H6: =IF(D6>0,"Fails open",IF(G6+E6>0,"In progress",IF(B6=0,"No cases","All clear"))) -> In progress
A7: Phase 4: Production launch | B7: =COUNTIF('Test Plan'!B5:B100,"4") -> 7 | C7: =COUNTIFS('Test Plan'!B5:B100,"4",'Test Plan'!J5:J100,"Pass") -> 0 | D7: =COUNTIFS('Test Plan'!B5:B100,"4",'Test Plan'!J5:J100,"Fail") -> 0 | E7: =COUNTIFS('Test Plan'!B5:B100,"4",'Test Plan'!J5:J100,"Blocked") -> 0 | F7: =COUNTIFS('Test Plan'!B5:B100,"4",'Test Plan'!J5:J100,"Skipped") -> 0 | G7: =B7-C7-D7-E7-F7 -> 7 | H7: =IF(D7>0,"Fails open",IF(G7+E7>0,"In progress",IF(B7=0,"No cases","All clear"))) -> In progress
A8: Total | B8: =SUM(B4:B7) -> 29 | C8: =SUM(C4:C7) -> 0 | D8: =SUM(D4:D7) -> 0 | E8: =SUM(E4:E7) -> 0 | F8: =SUM(F4:F7) -> 0 | G8: =SUM(G4:G7) -> 29 | H8: =IF(D8>0,"Fails open",IF(G8+E8>0,"In progress","All clear")) -> In progress

Sheet Bugs
A1: Bugs and Issues Log
A2: Add a row when a test fails or you notice something off. Sev 1 and Sev 2 must close before launch.
A4: Bug ID | B4: Linked Test ID | C4: Found By | D4: Date | E4: Severity | F4: Summary | G4: Owner | H4: Status

Sheet Sign Off
A1: Launch Sign Off
A2: Green means launch. Anything not green needs to close or get explicitly waived with a note.
A4: Gate | B4: Auto check | C4: Owner sign off | D4: Notes
A5: Phase 1 UI smoke complete | B5: =Summary!H4 -> In progress
A6: Phase 2 preview integration complete | B6: =Summary!H5 -> In progress
A7: Phase 3 real card on preview complete | B7: =Summary!H6 -> In progress
A8: Phase 4 production launch complete | B8: =Summary!H7 -> In progress
A9: No Sev 1 bugs open | B9: =IF(COUNTIFS(Bugs!E5:E100,"Sev 1 blocker",Bugs!H5:H100,"<>Verified",Bugs!H5:H100,"<>Wontfix")=0,"Clear","Blocked") -> Clear
A10: No Sev 2 bugs open | B10: =IF(COUNTIFS(Bugs!E5:E100,"Sev 2 high",Bugs!H5:H100,"<>Verified",Bugs!H5:H100,"<>Wontfix")=0,"Clear","Blocked") -> Clear
A11: Discount code UNICORNS100 verified in production
A12: Cancellation and refund verified in production
A13: Hybrid Acuity portal paths still working
A14: Tea Ceremony excursion path verified
A16: Final launch verdict | B16: =IF(AND(COUNTIF(C5:C14,"Approved")+COUNTIF(C5:C14,"Waived")=10),"GO","NO GO YET") -> NO GO YET
